problem,n,model,seed,MAE,RRMSE,IS,Coverage
branin_hetero,25,Separate GPs,1,11.243144515232173,0.4550231024088293,125.4326476250382,0.734
branin_hetero,25,Separate GPs,2,10.962253301522471,0.4348719453356361,104.7683637646289,0.783
branin_hetero,25,Separate GPs,3,10.769183590701846,0.43261025950841264,117.60338502480192,0.756
branin_hetero,25,Separate GPs,4,11.709091174109318,0.4727658138824145,137.7307695815669,0.719
branin_hetero,25,Separate GPs,5,10.678355645598623,0.42181535779117185,108.28340280206778,0.769
branin_hetero,25,Separate GPs,6,10.6279289121081,0.42537313996356774,105.89299735251154,0.776
branin_hetero,25,Separate GPs,7,11.079437569808606,0.44113562212266294,114.47627456112923,0.746
branin_hetero,25,Separate GPs,8,10.819925068979455,0.42735953995197573,108.01432490982488,0.8109999999999999
branin_hetero,25,Separate GPs,9,10.771301510022806,0.4288113472498245,112.80158318577034,0.7749999999999999
branin_hetero,25,Separate GPs,10,11.188831320139212,0.4470941237905722,116.2307585883231,0.752
branin_hetero,25,Separate GPs,11,10.452006635689317,0.39888328269854584,91.39198460649091,0.827
branin_hetero,25,Separate GPs,12,11.088677137508437,0.4426659316449858,110.45741632155345,0.776
branin_hetero,25,Separate GPs,13,11.66254974665491,0.4746842913479813,140.81122229683757,0.736
branin_hetero,25,Separate GPs,14,9.937073040311386,0.39873434422098714,99.39845284279012,0.8230000000000001
branin_hetero,25,Separate GPs,15,10.582262317981558,0.4191968513551756,107.47642887421827,0.805
branin_hetero,25,Separate GPs,16,11.245403820889097,0.4434188280633591,111.72232905522037,0.787
branin_hetero,25,Separate GPs,17,10.708024532204423,0.42876576655833426,114.98801843451402,0.77
branin_hetero,25,Separate GPs,18,10.698875275570392,0.42507559084440416,111.87122520981896,0.808
branin_hetero,25,Separate GPs,19,10.062610409587844,0.4054271697545655,103.66704775344185,0.7909999999999998
branin_hetero,25,Separate GPs,20,10.369710655019704,0.4147808179757547,108.34782719666967,0.775
branin_hetero,25,Separate GPs,21,11.319525489550282,0.45327091156904836,121.7767730094184,0.747
branin_hetero,25,Separate GPs,22,10.768899126192835,0.4282310105601109,111.90461303618463,0.763
branin_hetero,25,Separate GPs,23,10.6796319382224,0.42664240357427347,110.9359998294178,0.783
branin_hetero,25,Separate GPs,24,11.358844323438209,0.4434105677674525,110.44213951650813,0.7979999999999999
branin_hetero,25,Separate GPs,25,11.045300759085546,0.44303092769798197,113.43114582992364,0.766
branin_hetero,25,Separate GPs,26,11.805023380744531,0.4742310210441695,135.9305342146978,0.764
branin_hetero,25,Separate GPs,27,10.538640792642052,0.41921730561033466,106.10684019657712,0.7889999999999999
branin_hetero,25,Separate GPs,28,11.022194613419856,0.43977054730471926,115.71469629658239,0.7849999999999999
branin_hetero,25,Separate GPs,29,11.63723451760961,0.46693020710469646,135.47408840894803,0.729
branin_hetero,25,Separate GPs,30,10.40228887018953,0.392382767680073,98.7596854075765,0.8139999999999998
branin_hetero,25,Categorical GP,1,4.756708067476865,0.18213769293343227,41.847957494531904,0.9339999999999999
branin_hetero,25,Categorical GP,2,4.134468912387556,0.13951747603741155,38.04396123966364,0.945
branin_hetero,25,Categorical GP,3,4.4951405495051375,0.15834362181188416,38.968645520893155,0.9440000000000002
branin_hetero,25,Categorical GP,4,4.859601674438954,0.18711024916978392,44.800690769105,0.9480000000000001
branin_hetero,25,Categorical GP,5,4.369000902177791,0.14639418890053502,36.574985282838,0.9629999999999999
branin_hetero,25,Categorical GP,6,4.6430404649605475,0.15899358925950513,37.25479901055951,0.95
branin_hetero,25,Categorical GP,7,4.532568811104385,0.15178003145743607,34.91405432800059,0.951
branin_hetero,25,Categorical GP,8,4.4241865351464025,0.16037312602276604,41.1392868618824,0.952
branin_hetero,25,Categorical GP,9,4.522894062847363,0.14645115690449168,37.04522625460392,0.944
branin_hetero,25,Categorical GP,10,4.7767038244905615,0.17191067617849992,38.82336264701065,0.9550000000000001
branin_hetero,25,Categorical GP,11,4.632313430495023,0.15977488628597594,38.65421472022425,0.9349999999999999
branin_hetero,25,Categorical GP,12,4.216275041661423,0.15279338116913896,38.187638475834,0.958
branin_hetero,25,Categorical GP,13,4.43691969026408,0.15413026961533033,38.37886531620135,0.9400000000000001
branin_hetero,25,Categorical GP,14,4.943191321998578,0.17658464544587754,41.336860822812355,0.9440000000000002
branin_hetero,25,Categorical GP,15,4.327768534839275,0.15003868756923616,37.90271224219335,0.945
branin_hetero,25,Categorical GP,16,4.413897171691573,0.1478484313677903,37.42483791429266,0.944
branin_hetero,25,Categorical GP,17,4.3701497963011064,0.15845545819130818,37.962351881344524,0.943
branin_hetero,25,Categorical GP,18,4.560513255746355,0.1539057410867778,39.537216533270666,0.943
branin_hetero,25,Categorical GP,19,4.818901814848179,0.17095082557238866,39.017661318461364,0.9460000000000001
branin_hetero,25,Categorical GP,20,4.559040650451839,0.16074957928641836,39.008640675729666,0.951
branin_hetero,25,Categorical GP,21,4.533886784572267,0.16264427384185154,36.89335927747031,0.917
branin_hetero,25,Categorical GP,22,4.322233053162974,0.15630094972809438,35.600386775276114,0.9470000000000001
branin_hetero,25,Categorical GP,23,4.422486542000495,0.15425239599030263,39.23258753851394,0.959
branin_hetero,25,Categorical GP,24,4.923089795980031,0.1607651761856718,37.764198219631254,0.923
branin_hetero,25,Categorical GP,25,4.5317199000953226,0.16275775842252377,39.251875045253755,0.9480000000000001
branin_hetero,25,Categorical GP,26,4.739199214442941,0.16230206928165886,40.30718461616787,0.9470000000000001
branin_hetero,25,Categorical GP,27,4.090969070759004,0.1454918992583531,38.811739011477144,0.958
branin_hetero,25,Categorical GP,28,4.351134838312306,0.1690959919064479,42.0641850585064,0.9490000000000001
branin_hetero,25,Categorical GP,29,4.1864698341323,0.14491091756059418,39.37930412548009,0.938
branin_hetero,25,Categorical GP,30,4.989469042049974,0.17415289941744486,40.10147489821044,0.9440000000000002
branin_hetero,25,Standard LVGP,1,3.9321634183481864,0.17632956914092562,63.10550908336222,0.371
branin_hetero,25,Standard LVGP,2,3.0624864874188638,0.14990554690973465,51.27986452069679,0.45199999999999996
branin_hetero,25,Standard LVGP,3,4.458797658320135,0.20266359329056058,72.90353828241811,0.49800000000000005
branin_hetero,25,Standard LVGP,4,3.3832856655985353,0.16809790963826,44.97489458196063,0.66
branin_hetero,25,Standard LVGP,5,4.126488176764986,0.1769158881750151,40.296811303184676,0.653
branin_hetero,25,Standard LVGP,6,4.680751095064485,0.19520338753890237,74.46012170900208,0.55
branin_hetero,25,Standard LVGP,7,5.198320734873425,0.22531571754122282,112.40092280630475,0.342
branin_hetero,25,Standard LVGP,8,5.922686816945489,0.3398092760900218,123.18157646866727,0.23200000000000004
branin_hetero,25,Standard LVGP,9,4.338966028755421,0.21590865953029142,45.35402798255869,0.608
branin_hetero,25,Standard LVGP,10,4.284376217055933,0.20179622237138467,48.8113748162833,0.567
branin_hetero,25,Standard LVGP,11,6.117358986668239,0.283250868535107,92.69908947930989,0.445
branin_hetero,25,Standard LVGP,12,2.1428528775965026,0.12071985203147748,29.385306219696343,0.572
branin_hetero,25,Standard LVGP,13,4.1285510849836635,0.18313683844997025,111.17677898263028,0.161
branin_hetero,25,Standard LVGP,14,5.005615416796765,0.23156246782316395,116.11830230916648,0.328
branin_hetero,25,Standard LVGP,15,5.594345830110957,0.25308847531752887,87.37719240031186,0.462
branin_hetero,25,Standard LVGP,16,4.021635101978318,0.24785025289743995,56.150094338258555,0.44000000000000006
branin_hetero,25,Standard LVGP,17,3.448074792105575,0.1726370440759807,48.95726630087637,0.4640000000000001
branin_hetero,25,Standard LVGP,18,4.278417601954985,0.21224366004768108,76.07775291478156,0.398
branin_hetero,25,Standard LVGP,19,4.508557585892126,0.20060359589368687,75.37988994251447,0.32700000000000007
branin_hetero,25,Standard LVGP,20,2.1457846404306395,0.11302018257925348,26.8149096517013,0.604
branin_hetero,25,Standard LVGP,21,5.689917436968079,0.2686770542658309,94.04656672979549,0.41800000000000004
branin_hetero,25,Standard LVGP,22,4.044919709462332,0.23870834266424482,41.06254183560817,0.562
branin_hetero,25,Standard LVGP,23,4.5660790210262565,0.1990295459771614,72.74799823339906,0.47700000000000004
branin_hetero,25,Standard LVGP,24,4.325885847968957,0.2073259887536823,108.03393885158246,0.49400000000000005
branin_hetero,25,Standard LVGP,25,4.5368373443526036,0.2095858554970172,81.83015231184439,0.324
branin_hetero,25,Standard LVGP,26,5.500622192740823,0.28935040479027085,106.63062630461896,0.324
branin_hetero,25,Standard LVGP,27,2.5193551958667975,0.13670167407520584,21.674281504205254,0.697
branin_hetero,25,Standard LVGP,28,5.403999369289084,0.23928671854471767,100.87857507816426,0.143
branin_hetero,25,Standard LVGP,29,5.744436988236255,0.26975302618281044,128.48723773199953,0.255
branin_hetero,25,Standard LVGP,30,5.46240084442181,0.23574281291964488,91.69585641316188,0.43200000000000005
branin_hetero,25,H-LVGP,1,2.5538538693341897,0.08350837132895263,28.909554152192477,1.0
branin_hetero,25,H-LVGP,2,2.5232702811260896,0.08801915873983329,21.4558020853208,1.0
branin_hetero,25,H-LVGP,3,1.7798563951960602,0.07100410046313924,28.54874957131608,1.0
branin_hetero,25,H-LVGP,4,5.627263470646075,0.23540869282075388,52.32590839068001,0.917
branin_hetero,25,H-LVGP,5,3.0867560119383217,0.11514759710543018,61.41336144914069,1.0
branin_hetero,25,H-LVGP,6,1.974494083768707,0.06303426977432827,33.102659152893274,1.0
branin_hetero,25,H-LVGP,7,2.496737030545217,0.0944681322361645,44.88600166577528,1.0
branin_hetero,25,H-LVGP,8,1.9609308768912999,0.06646420797069331,24.471141724282013,1.0
branin_hetero,25,H-LVGP,9,2.02878287376694,0.09782240509328885,51.451063070924384,1.0
branin_hetero,25,H-LVGP,10,3.2908827191947596,0.10871809962252006,28.970558763510052,1.0
branin_hetero,25,H-LVGP,11,3.394728033782628,0.1828150129369827,48.48105437050848,1.0
branin_hetero,25,H-LVGP,12,2.0031525167492785,0.0696041885194037,22.53734610590599,1.0
branin_hetero,25,H-LVGP,13,2.3730033609460364,0.0799293448599721,25.713349429199063,1.0
branin_hetero,25,H-LVGP,14,2.1298497071671707,0.06438361157913224,56.407431109081095,1.0
branin_hetero,25,H-LVGP,15,2.3975406211732677,0.1267438741495459,49.26330473858707,1.0
branin_hetero,25,H-LVGP,16,2.3704062925688048,0.0879307980343009,22.909533351554877,1.0
branin_hetero,25,H-LVGP,17,2.65221194490599,0.09167998983715639,23.66930413607498,1.0
branin_hetero,25,H-LVGP,18,2.3170392088364764,0.10024300260643962,25.95841922238916,1.0
branin_hetero,25,H-LVGP,19,1.9743387235938012,0.06810421699235181,27.02119818381442,1.0
branin_hetero,25,H-LVGP,20,2.15942333249087,0.05680522558569412,24.177567096175324,1.0
branin_hetero,25,H-LVGP,21,2.9977689941620214,0.14162422231932875,95.86869399826635,1.0
branin_hetero,25,H-LVGP,22,2.321702786215199,0.08386309496125574,23.963821987535248,1.0
branin_hetero,25,H-LVGP,23,1.9135230066567863,0.06298976489869496,38.743089411631416,1.0
branin_hetero,25,H-LVGP,24,2.4615236338039863,0.08239626351338647,29.771796977263698,1.0
branin_hetero,25,H-LVGP,25,2.634850496340571,0.08887069435709798,21.990446277719496,1.0
branin_hetero,25,H-LVGP,26,1.7102827535905605,0.08400756961421459,27.255205424217696,1.0
branin_hetero,25,H-LVGP,27,2.6183828702028378,0.08520121412634582,27.310877619730185,1.0
branin_hetero,25,H-LVGP,28,2.8791415099775213,0.09823702395121489,22.302406937328904,0.9640000000000001
branin_hetero,25,H-LVGP,29,2.378038027433062,0.08301554227026764,30.197337537733215,1.0
branin_hetero,25,H-LVGP,30,2.585535111888999,0.11793388260715429,99.35268837828316,1.0
branin_hetero,40,Separate GPs,1,4.2945254248487315,0.20016846330531143,41.91251333136712,0.9360000000000002
branin_hetero,40,Separate GPs,2,4.3815177648475645,0.2006241198945183,44.123734087514805,0.916
branin_hetero,40,Separate GPs,3,4.0349080058556925,0.19463518172073,42.53355187486259,0.933
branin_hetero,40,Separate GPs,4,5.316042597076071,0.26819000209431615,50.405177668808264,0.891
branin_hetero,40,Separate GPs,5,3.9254007577056327,0.18818057458457685,41.482443573086904,0.9359999999999999
branin_hetero,40,Separate GPs,6,4.537151099173208,0.21979027028563586,43.04128675975612,0.9380000000000001
branin_hetero,40,Separate GPs,7,4.341737704007047,0.21083154242744512,41.32417039791061,0.9390000000000001
branin_hetero,40,Separate GPs,8,4.5920203788492175,0.19812456511193466,41.74101563340098,0.93
branin_hetero,40,Separate GPs,9,3.8059450498498038,0.185362365298843,41.969322859824615,0.937
branin_hetero,40,Separate GPs,10,4.5377983401627064,0.20929145472436578,42.79931643282636,0.93
branin_hetero,40,Separate GPs,11,4.511656396018172,0.2014116264571489,42.49049727190451,0.9279999999999999
branin_hetero,40,Separate GPs,12,4.214516658010798,0.19731876833562442,42.70109796657207,0.933
branin_hetero,40,Separate GPs,13,4.360027206098458,0.21288535712512863,43.079578778596606,0.9380000000000001
branin_hetero,40,Separate GPs,14,4.067506915181187,0.19333466524148962,43.96310607186089,0.923
branin_hetero,40,Separate GPs,15,4.3234370531284565,0.19092239230505542,41.338743592291905,0.937
branin_hetero,40,Separate GPs,16,4.36359145188632,0.20346067568145462,42.0972988266369,0.9360000000000002
branin_hetero,40,Separate GPs,17,4.264720347857128,0.19521349691121376,41.45642643307196,0.932
branin_hetero,40,Separate GPs,18,4.259784625641112,0.19081943760035075,42.41850525540808,0.9390000000000001
branin_hetero,40,Separate GPs,19,4.281084319450658,0.21895251212140893,42.374631448933954,0.9350000000000002
branin_hetero,40,Separate GPs,20,4.58438577322645,0.21090128507704256,43.83544786949215,0.9390000000000001
branin_hetero,40,Separate GPs,21,4.818228056892847,0.21201818147596066,41.373035586836316,0.9179999999999999
branin_hetero,40,Separate GPs,22,4.299197972206488,0.19310259000222835,41.13757368123184,0.9400000000000001
branin_hetero,40,Separate GPs,23,4.922994509455099,0.22777614544694774,44.05098885756577,0.923
branin_hetero,40,Separate GPs,24,4.93511307885608,0.2142108346119303,45.35358769035072,0.9119999999999999
branin_hetero,40,Separate GPs,25,4.247831373890175,0.20594294512766603,41.568459485410116,0.942
branin_hetero,40,Separate GPs,26,4.382065151988596,0.2156459604137631,44.38577916512177,0.921
branin_hetero,40,Separate GPs,27,4.5770556751048685,0.2168223325078753,43.07240949793267,0.933
branin_hetero,40,Separate GPs,28,4.267102194084233,0.20060279023191274,42.00446107312047,0.9400000000000001
branin_hetero,40,Separate GPs,29,4.769396816409286,0.22470100567507384,43.83900757989256,0.9289999999999999
branin_hetero,40,Separate GPs,30,5.410797471642769,0.23028978037696562,42.43431986855321,0.9359999999999999
branin_hetero,40,Categorical GP,1,1.8792882255157788,0.06516502060244381,14.077767678048849,1.0
branin_hetero,40,Categorical GP,2,1.345430131865435,0.039246870528148035,15.745027513441306,1.0
branin_hetero,40,Categorical GP,3,1.5282758681814923,0.050802846547645206,14.283244881329988,1.0
branin_hetero,40,Categorical GP,4,1.7372259250475437,0.06510130863379601,14.78506531559816,1.0
branin_hetero,40,Categorical GP,5,1.710854735461546,0.06313833577479003,14.110344182026267,1.0
branin_hetero,40,Categorical GP,6,1.2409655447269283,0.0410355923465543,15.6603916573574,1.0
branin_hetero,40,Categorical GP,7,1.3829448184324005,0.05039488140809336,13.878156093427435,0.986
branin_hetero,40,Categorical GP,8,1.2686794261043672,0.045637372902253164,14.981872675543489,1.0
branin_hetero,40,Categorical GP,9,1.405801729410616,0.04845213794337076,14.473104809149135,0.998
branin_hetero,40,Categorical GP,10,1.748183213820731,0.05666321387402817,14.966467743001399,0.9949999999999999
branin_hetero,40,Categorical GP,11,1.127821265579081,0.03473594367785151,14.175822663509269,1.0
branin_hetero,40,Categorical GP,12,1.2947784188202471,0.03977148767963212,15.207453880323314,1.0
branin_hetero,40,Categorical GP,13,1.4259991368586884,0.0426939760757718,15.347554741310779,1.0
branin_hetero,40,Categorical GP,14,1.7348399582587901,0.057788440796837,14.121721976039783,1.0
branin_hetero,40,Categorical GP,15,1.3901534313008639,0.047241950805745794,15.151056001070625,1.0
branin_hetero,40,Categorical GP,16,1.3357049972224337,0.04488158230848753,13.953067002744623,1.0
branin_hetero,40,Categorical GP,17,2.045509465053585,0.06954638850625808,14.121555915452735,0.9800000000000001
branin_hetero,40,Categorical GP,18,1.7421541753768175,0.05406434839240237,15.394258883679896,1.0
branin_hetero,40,Categorical GP,19,1.374027086584214,0.04268773330892027,14.638649224759892,1.0
branin_hetero,40,Categorical GP,20,1.7927505492230804,0.06070643657832227,15.906026350846536,1.0
branin_hetero,40,Categorical GP,21,1.6406203230931766,0.06146223617653955,13.178858200688992,1.0
branin_hetero,40,Categorical GP,22,1.700556104699397,0.05469140237806105,14.269496321068056,0.992
branin_hetero,40,Categorical GP,23,1.847385279659465,0.06919711414514558,15.648837169091157,1.0
branin_hetero,40,Categorical GP,24,2.174915837732642,0.08652284484059114,14.74905804230313,1.0
branin_hetero,40,Categorical GP,25,1.3848887891360975,0.041704730782484024,14.595230721953328,0.982
branin_hetero,40,Categorical GP,26,1.3742238653045482,0.04285686208779065,14.375484844706728,1.0
branin_hetero,40,Categorical GP,27,1.6430333498167606,0.05497823912508356,15.147332380589969,1.0
branin_hetero,40,Categorical GP,28,1.7318734773180395,0.06023214027804151,15.820921530663835,0.993
branin_hetero,40,Categorical GP,29,1.4576617645733223,0.047915857727565396,15.171843658835751,0.991
branin_hetero,40,Categorical GP,30,2.0847115071600535,0.07971044575825917,17.982686896488474,0.9550000000000001
branin_hetero,40,Standard LVGP,1,2.7062923343145346,0.10872285210254184,55.611457744089265,0.425
branin_hetero,40,Standard LVGP,2,2.9233317735234876,0.1088833164061723,71.3611154782475,0.28099999999999997
branin_hetero,40,Standard LVGP,3,3.9484948092051355,0.13053611361212095,61.709553665709336,0.426
branin_hetero,40,Standard LVGP,4,4.385828154558959,0.18376251637742155,89.45589485201575,0.5630000000000001
branin_hetero,40,Standard LVGP,5,3.70727384038333,0.13656084321967568,79.93073567097261,0.309
branin_hetero,40,Standard LVGP,6,3.1050811921631856,0.11432243106721371,33.08123285951435,0.711
branin_hetero,40,Standard LVGP,7,2.250124958956852,0.09189782816359868,37.32384679037739,0.471
branin_hetero,40,Standard LVGP,8,4.064540199157081,0.153505483951397,108.36631901873439,0.138
branin_hetero,40,Standard LVGP,9,2.170610115273943,0.0897292452626716,40.57301349403175,0.44000000000000006
branin_hetero,40,Standard LVGP,10,2.821243972364178,0.10271555266023588,61.731469537996986,0.406
branin_hetero,40,Standard LVGP,11,2.9908012938400015,0.11173803831684467,48.25986453777283,0.5509999999999999
branin_hetero,40,Standard LVGP,12,3.1292058779902314,0.1273088447871209,45.49351988413906,0.593
branin_hetero,40,Standard LVGP,13,3.1266417774699313,0.11723127259648936,61.64400079950402,0.461
branin_hetero,40,Standard LVGP,14,4.1668765564328165,0.17723749243055886,84.89953002031262,0.43499999999999994
branin_hetero,40,Standard LVGP,15,3.4662819106679033,0.13135993901816392,66.59663881473115,0.24299999999999997
branin_hetero,40,Standard LVGP,16,4.465933542898477,0.19828908998649736,58.153052759453246,0.607
branin_hetero,40,Standard LVGP,17,2.157185673249501,0.08485979655117533,59.12652502501089,0.277
branin_hetero,40,Standard LVGP,18,3.2451560310148735,0.1327965750177576,91.4120428253447,0.22200000000000003
branin_hetero,40,Standard LVGP,19,3.2910744114628976,0.13277224353969275,60.530972033265925,0.5770000000000001
branin_hetero,40,Standard LVGP,20,2.3751647173273773,0.10367601944835783,71.83821439685516,0.24999999999999994
branin_hetero,40,Standard LVGP,21,3.0177886174490514,0.1157051450192704,67.52228307242362,0.396
branin_hetero,40,Standard LVGP,22,2.168574091461358,0.07957785242646237,60.06447837348394,0.32999999999999996
branin_hetero,40,Standard LVGP,23,3.1390788026712673,0.11779997485669111,61.36288578735143,0.316
branin_hetero,40,Standard LVGP,24,3.9001933219794735,0.15931385552722319,113.28952188331718,0.16499999999999998
branin_hetero,40,Standard LVGP,25,2.2236813665285173,0.07730033164048566,46.20408975723076,0.314
branin_hetero,40,Standard LVGP,26,1.8967871128475822,0.07961358778395597,40.63575105151979,0.323
branin_hetero,40,Standard LVGP,27,3.041869438937815,0.12412778148543302,49.0269993809301,0.522
branin_hetero,40,Standard LVGP,28,3.2660647100892306,0.12515070751712284,51.85904616363409,0.43800000000000006
branin_hetero,40,Standard LVGP,29,2.5597058498689043,0.0952284704654296,35.16164843850468,0.624
branin_hetero,40,Standard LVGP,30,3.5485314251371323,0.13770375182620387,72.4624015749159,0.495
branin_hetero,40,H-LVGP,1,1.3499524241353467,0.054561513025117095,30.602884272606662,1.0
branin_hetero,40,H-LVGP,2,1.7598000477218094,0.057242642583022585,35.251956463824015,1.0
branin_hetero,40,H-LVGP,3,1.5072813588266387,0.05052864211585108,49.558228471401094,1.0
branin_hetero,40,H-LVGP,4,2.4174784831498664,0.09506211886508083,45.98209990838791,1.0
branin_hetero,40,H-LVGP,5,1.7467631582074563,0.06899067575210294,33.60408924646946,1.0
branin_hetero,40,H-LVGP,6,1.48041583862761,0.05651652914717661,48.98457287983492,1.0
branin_hetero,40,H-LVGP,7,1.2078778347943337,0.0484621605514001,29.1227586115117,1.0
branin_hetero,40,H-LVGP,8,1.3865209534743792,0.043446153528984933,26.277188136889777,1.0
branin_hetero,40,H-LVGP,9,1.3971320726247058,0.05350028400067317,43.67917573750417,1.0
branin_hetero,40,H-LVGP,10,1.2339108944363233,0.04185560692606924,23.87903255386818,1.0
branin_hetero,40,H-LVGP,11,1.9069907841044116,0.07359098811736037,32.42963528013057,1.0
branin_hetero,40,H-LVGP,12,1.5560254161161633,0.0570546203058242,50.299620700162656,1.0
branin_hetero,40,H-LVGP,13,1.3034507507841968,0.04210259955314859,25.612036099020237,1.0
branin_hetero,40,H-LVGP,14,1.8053412108552933,0.0680891780178173,37.147793943791086,1.0
branin_hetero,40,H-LVGP,15,1.2079770803669692,0.045029977245696434,23.716909292806587,1.0
branin_hetero,40,H-LVGP,16,2.873175394793106,0.11775781461833672,57.38938658446078,1.0
branin_hetero,40,H-LVGP,17,2.3591903312777096,0.08832663299871069,28.896956366833262,1.0
branin_hetero,40,H-LVGP,18,2.0103462220449444,0.06914095558396326,43.13856887219437,1.0
branin_hetero,40,H-LVGP,19,2.152511071656033,0.09527737215186236,53.21253835263235,1.0
branin_hetero,40,H-LVGP,20,1.7229236894677773,0.05976154797648081,26.172351406191684,1.0
branin_hetero,40,H-LVGP,21,1.5205410876260577,0.06148093251951474,22.48584990953526,1.0
branin_hetero,40,H-LVGP,22,1.5163721360767988,0.053803106280212606,23.952725841281367,1.0
branin_hetero,40,H-LVGP,23,1.620367113229578,0.052683172663324604,35.05239902811994,1.0
branin_hetero,40,H-LVGP,24,2.3013574037384226,0.08536983917401228,18.886346072241547,1.0
branin_hetero,40,H-LVGP,25,1.2400519907707763,0.04292678996051623,26.564619023347586,1.0
branin_hetero,40,H-LVGP,26,1.7681051447928695,0.06793514151430952,22.96448328100493,0.954
branin_hetero,40,H-LVGP,27,1.5713421555896996,0.060123228967565924,45.0376784304901,1.0
branin_hetero,40,H-LVGP,28,1.4228276559262054,0.04473875068905273,37.88428377704517,1.0
branin_hetero,40,H-LVGP,29,1.9171113119350287,0.07499136739555148,45.24805831623021,1.0
branin_hetero,40,H-LVGP,30,2.403088381469487,0.09535776932436375,45.35622189130426,1.0
sixhump_camel,25,Separate GPs,1,0.2291086156608399,0.32426792521190856,2.126818978300382,0.9549999999999998
sixhump_camel,25,Separate GPs,2,0.22378954509568355,0.3115360701788457,2.0786158298911093,0.9480000000000001
sixhump_camel,25,Separate GPs,3,0.23921881960999142,0.320158230847521,2.0419500287105223,0.9480000000000001
sixhump_camel,25,Separate GPs,4,0.22617469637856705,0.31237234706915784,2.1399521479878802,0.9390000000000001
sixhump_camel,25,Separate GPs,5,0.21678463880432486,0.30846856732065414,1.984303862368207,0.962
sixhump_camel,25,Separate GPs,6,0.22255585955292995,0.3121474233266962,1.9542171297929882,0.959
sixhump_camel,25,Separate GPs,7,0.21135969393881723,0.30776959731065345,1.9987129680356603,0.953
sixhump_camel,25,Separate GPs,8,0.23552555663875507,0.32471894829453274,2.0704331201483015,0.9510000000000002
sixhump_camel,25,Separate GPs,9,0.22619833067437023,0.3185898779194576,2.1247098666514703,0.9460000000000001
sixhump_camel,25,Separate GPs,10,0.22419673755297986,0.31372015306298046,2.0706207679020348,0.959
sixhump_camel,25,Separate GPs,11,0.243573881129202,0.3309995152933912,2.2063940980863803,0.9389999999999998
sixhump_camel,25,Separate GPs,12,0.22667743907647914,0.3072527211607746,2.0051313343167134,0.946
sixhump_camel,25,Separate GPs,13,0.255814684008037,0.32266055874584043,2.0434190294514947,0.951
sixhump_camel,25,Separate GPs,14,0.22077409348094124,0.3128570983204487,2.034526162317542,0.961
sixhump_camel,25,Separate GPs,15,0.2361437163907778,0.3239106000565542,2.0315787791338087,0.9650000000000001
sixhump_camel,25,Separate GPs,16,0.22749053616079823,0.32301612144241193,2.035463126112345,0.9649999999999999
sixhump_camel,25,Separate GPs,17,0.2355622999170027,0.32260411975602266,2.1371272563534838,0.946
sixhump_camel,25,Separate GPs,18,0.24679041932009627,0.3359913369933172,2.0690152091542355,0.9649999999999999
sixhump_camel,25,Separate GPs,19,0.2287357779319322,0.3220279153799375,2.094139855023995,0.9460000000000001
sixhump_camel,25,Separate GPs,20,0.2212571389345964,0.317261512709326,2.017521284506146,0.9639999999999999
sixhump_camel,25,Separate GPs,21,0.23247017887207427,0.32562396864283877,2.151838490060603,0.9410000000000001
sixhump_camel,25,Separate GPs,22,0.2295350381144085,0.3214929989742162,2.0629960850071036,0.95
sixhump_camel,25,Separate GPs,23,0.23824600894881126,0.32084956221226846,2.140205054438087,0.9480000000000001
sixhump_camel,25,Separate GPs,24,0.22615062557441248,0.31852270317104886,2.154229135185406,0.945
sixhump_camel,25,Separate GPs,25,0.230396214835638,0.3140550302938771,1.9869846401047908,0.9489999999999998
sixhump_camel,25,Separate GPs,26,0.23896700979537253,0.31345234025987045,2.0790222560343063,0.945
sixhump_camel,25,Separate GPs,27,0.22046650130753487,0.3146450193871191,2.0195590306528874,0.9559999999999998
sixhump_camel,25,Separate GPs,28,0.23573796376153483,0.32976075926280896,2.1235028778163705,0.9480000000000001
sixhump_camel,25,Separate GPs,29,0.23097165765478972,0.31485649910844105,2.0515437168279673,0.9490000000000001
sixhump_camel,25,Separate GPs,30,0.2420571828707379,0.32097439967573027,2.119441430299729,0.946
sixhump_camel,25,Categorical GP,1,0.16056517433441334,0.26536723531554013,1.8089668389633382,0.9259999999999999
sixhump_camel,25,Categorical GP,2,0.15757957723740237,0.25548669465193324,1.7893616007749635,0.9289999999999999
sixhump_camel,25,Categorical GP,3,0.1824678493441973,0.27569586571913585,1.9365881844591404,0.9129999999999999
sixhump_camel,25,Categorical GP,4,0.17209295292367194,0.26752431151271033,1.9817696804337246,0.916
sixhump_camel,25,Categorical GP,5,0.1494737079561436,0.24662350640203182,1.6535963067230313,0.9349999999999999
sixhump_camel,25,Categorical GP,6,0.16247473204798907,0.24997560315590556,1.519963779317858,0.946
sixhump_camel,25,Categorical GP,7,0.15419927175810694,0.2573754004433152,1.7833555519748885,0.93
sixhump_camel,25,Categorical GP,8,0.1816635186471846,0.28961294647436686,2.024411401477307,0.914
sixhump_camel,25,Categorical GP,9,0.16541410893641745,0.2567209725665528,1.7405004851741026,0.9179999999999999
sixhump_camel,25,Categorical GP,10,0.1592471403764172,0.24831427799338351,1.6785712944115105,0.931
sixhump_camel,25,Categorical GP,11,0.17713486436165743,0.25415172871853925,1.5858432472068162,0.9349999999999999
sixhump_camel,25,Categorical GP,12,0.15970594915536704,0.25453304731821447,1.7487176932224302,0.9179999999999999
sixhump_camel,25,Categorical GP,13,0.17894138061292797,0.2505408764987266,1.5521768661789266,0.937
sixhump_camel,25,Categorical GP,14,0.16141311864838404,0.2728994154002209,1.8764868808968842,0.9269999999999999
sixhump_camel,25,Categorical GP,15,0.1695854587550526,0.26394589258237683,1.6450358423722444,0.938
sixhump_camel,25,Categorical GP,16,0.17080733918922186,0.2701523659481285,1.80665402956601,0.921
sixhump_camel,25,Categorical GP,17,0.17536310862833862,0.25763466840875754,1.7193782097396422,0.9219999999999999
sixhump_camel,25,Categorical GP,18,0.18097530962751213,0.27794034767110465,1.8320821357091883,0.9260000000000002
sixhump_camel,25,Categorical GP,19,0.1767956793599041,0.2658112468803833,1.8370645731306474,0.9239999999999998
sixhump_camel,25,Categorical GP,20,0.15982752685504178,0.25539098517097697,1.6550282712094972,0.9359999999999999
sixhump_camel,25,Categorical GP,21,0.1693739579386062,0.2703655048133259,1.9488811161931576,0.898
sixhump_camel,25,Categorical GP,22,0.17481710054978805,0.2633921944212673,1.743341666989204,0.9120000000000001
sixhump_camel,25,Categorical GP,23,0.1625272621480111,0.26213575255575255,1.7897744959327526,0.93
sixhump_camel,25,Categorical GP,24,0.17034785838111297,0.27181682543853164,2.000361446156135,0.898
sixhump_camel,25,Categorical GP,25,0.1703092389653647,0.2565092499775292,1.719928795949801,0.9
sixhump_camel,25,Categorical GP,26,0.1758472466023146,0.25862256132096684,1.867508357064014,0.9149999999999998
sixhump_camel,25,Categorical GP,27,0.15751672199482997,0.24948493823568704,1.6394536016909733,0.9349999999999999
sixhump_camel,25,Categorical GP,28,0.17201219977571022,0.2740042966037086,1.9760657336336291,0.9039999999999999
sixhump_camel,25,Categorical GP,29,0.17434807158637095,0.26465413416862094,1.8496524540949526,0.922
sixhump_camel,25,Categorical GP,30,0.16879823360981938,0.2540463401257136,1.6398997688526156,0.931
sixhump_camel,25,Standard LVGP,1,0.1704132909570976,0.27683879781748394,3.4813293147992503,0.47400000000000003
sixhump_camel,25,Standard LVGP,2,0.12537404504496427,0.22390853195999522,2.8116017705764436,0.479
sixhump_camel,25,Standard LVGP,3,0.1700900926414169,0.2778104323620565,4.114920752458329,0.378
sixhump_camel,25,Standard LVGP,4,0.15102934653477412,0.24638441161470506,3.369613665299549,0.38899999999999996
sixhump_camel,25,Standard LVGP,5,0.1464096087071784,0.24942171603019286,2.8131891523167116,0.55
sixhump_camel,25,Standard LVGP,6,0.15162483851191744,0.23257621226525366,2.9887349664241656,0.45
sixhump_camel,25,Standard LVGP,7,0.1260432187931148,0.2061025701291587,3.0114431869104155,0.32599999999999996
sixhump_camel,25,Standard LVGP,8,0.17480448148862532,0.28123852489521906,3.9012810636863144,0.48699999999999993
sixhump_camel,25,Standard LVGP,9,0.1502564113229956,0.2424132935870648,3.167438971604559,0.518
sixhump_camel,25,Standard LVGP,10,0.15677302716225197,0.23504937896353512,3.229387135112779,0.484
sixhump_camel,25,Standard LVGP,11,0.1678531425530782,0.2526098755080926,3.1996878064553687,0.42700000000000005
sixhump_camel,25,Standard LVGP,12,0.12431265103952613,0.21123968274606467,2.97443873210799,0.46699999999999997
sixhump_camel,25,Standard LVGP,13,0.1578590889003009,0.23506356417675622,3.258689304643176,0.462
sixhump_camel,25,Standard LVGP,14,0.177155552112861,0.3078416826176846,3.9809241968594042,0.5
sixhump_camel,25,Standard LVGP,15,0.17370338124809984,0.26224645407215746,3.5837076425940615,0.389
sixhump_camel,25,Standard LVGP,16,0.12136771691475692,0.1858465551016027,3.6439125273090034,0.23500000000000001
sixhump_camel,25,Standard LVGP,17,0.1512292474412728,0.24535014257511137,3.4950519260758903,0.437
sixhump_camel,25,Standard LVGP,18,0.18000161662265973,0.281800713926338,4.084414291111345,0.394
sixhump_camel,25,Standard LVGP,19,0.1567232530480869,0.2533091975225991,3.2375541190021666,0.44299999999999995
sixhump_camel,25,Standard LVGP,20,0.1284371001548384,0.20108583430177288,2.606682026985342,0.403
sixhump_camel,25,Standard LVGP,21,0.1525004023570122,0.24565619428566454,3.952728607958811,0.327
sixhump_camel,25,Standard LVGP,22,0.14105411837668935,0.23078001764299794,3.153073427644915,0.44699999999999995
sixhump_camel,25,Standard LVGP,23,0.1646646368066898,0.2660658866317119,3.2687441569041837,0.541
sixhump_camel,25,Standard LVGP,24,0.14992065481320513,0.2036864052760846,4.929815541147246,0.1
sixhump_camel,25,Standard LVGP,25,0.15421643867998244,0.2417534563963833,3.198794958600245,0.47000000000000003
sixhump_camel,25,Standard LVGP,26,0.13051419443169648,0.19447405805795812,3.41406795621065,0.292
sixhump_camel,25,Standard LVGP,27,0.1266961057368507,0.20715628472957054,2.344969885194485,0.513
sixhump_camel,25,Standard LVGP,28,0.16681595225598547,0.2611088477746969,3.403915222441518,0.466
sixhump_camel,25,Standard LVGP,29,0.14715862482213743,0.23027975524545768,3.633555480053892,0.309
sixhump_camel,25,Standard LVGP,30,0.17947617332789972,0.2687389949164833,3.909347305165599,0.359
sixhump_camel,25,H-LVGP,1,0.18012123206565542,0.2941589114529485,2.2638304860441156,0.907
sixhump_camel,25,H-LVGP,2,0.16414406839621926,0.28387165415992677,2.2338314671962154,0.9100000000000001
sixhump_camel,25,H-LVGP,3,0.19962210289400723,0.31983981007682355,2.63221918264298,0.889
sixhump_camel,25,H-LVGP,4,0.1835902773595513,0.290160191849136,2.414208855489386,0.889
sixhump_camel,25,H-LVGP,5,0.1623613091194171,0.2729643977694014,1.9364655357772826,0.9259999999999999
sixhump_camel,25,H-LVGP,6,0.1677155229939751,0.2723247781745816,1.7854703424645506,0.9349999999999999
sixhump_camel,25,H-LVGP,7,0.16236988015952672,0.27684291476176137,2.0609501323590522,0.9179999999999999
sixhump_camel,25,H-LVGP,8,0.20319152298194113,0.31860000798279187,2.552817011324737,0.892
sixhump_camel,25,H-LVGP,9,0.17391857609883335,0.28025892727915036,2.1314380232544687,0.905
sixhump_camel,25,H-LVGP,10,0.16758246751745406,0.26767639056038434,1.936365218799948,0.923
sixhump_camel,25,H-LVGP,11,0.17428357709595382,0.27189933139964084,1.8550490265017245,0.923
sixhump_camel,25,H-LVGP,12,0.16942392004355908,0.2777483696498982,2.1798897396935066,0.8860000000000001
sixhump_camel,25,H-LVGP,13,0.16904099169178316,0.2606932447700219,1.8300722094598043,0.9149999999999998
sixhump_camel,25,H-LVGP,14,0.18428022202310515,0.3054457811459072,2.3248641033670707,0.908
sixhump_camel,25,H-LVGP,15,0.17904821494748024,0.2868886447469823,1.9516991075333479,0.915
sixhump_camel,25,H-LVGP,16,0.18143420072178304,0.2940993692344318,2.104815250298697,0.913
sixhump_camel,25,H-LVGP,17,0.19954505232497116,0.3167544500558169,2.5490929671530416,0.8770000000000001
sixhump_camel,25,H-LVGP,18,0.19403603820452892,0.3125400109132386,2.292316801099508,0.9120000000000001
sixhump_camel,25,H-LVGP,19,0.18495194760177586,0.29030893419011417,2.1696426540517604,0.9110000000000001
sixhump_camel,25,H-LVGP,20,0.1566374822387974,0.2697706617686294,1.8750912796795682,0.9280000000000002
sixhump_camel,25,H-LVGP,21,0.17991041211861203,0.2942960630084685,2.3925912671528726,0.8669999999999998
sixhump_camel,25,H-LVGP,22,0.17816599277548262,0.2815826415334333,2.145415909490729,0.892
sixhump_camel,25,H-LVGP,23,0.1715510066767699,0.28021895075777326,1.963819062582712,0.915
sixhump_camel,25,H-LVGP,24,0.18175876924163886,0.2953889264775156,2.4134412622627694,0.881
sixhump_camel,25,H-LVGP,25,0.17635991572717083,0.27773547175989055,2.0401196423353416,0.8969999999999999
sixhump_camel,25,H-LVGP,26,0.17611902270179833,0.28240003989368206,2.2497389504395806,0.885
sixhump_camel,25,H-LVGP,27,0.159996696946561,0.2700866982723046,1.8579709683199066,0.932
sixhump_camel,25,H-LVGP,28,0.18397276688010786,0.2906941938211408,2.215977245490134,0.897
sixhump_camel,25,H-LVGP,29,0.18652871589113246,0.28504872365897566,2.260689502350039,0.901
sixhump_camel,25,H-LVGP,30,0.18733687743858013,0.2796088207004311,1.9731318803655344,0.9040000000000001
sixhump_camel,40,Separate GPs,1,0.20059146073679934,0.2924344578950553,2.3318741764313278,0.885
sixhump_camel,40,Separate GPs,2,0.192501849906654,0.29125711334790255,2.1526988096746345,0.901
sixhump_camel,40,Separate GPs,3,0.19872885909740204,0.29535943732924874,2.1786091446790765,0.9039999999999999
sixhump_camel,40,Separate GPs,4,0.2001710058510139,0.3037756553348089,2.3750505539977,0.8789999999999999
sixhump_camel,40,Separate GPs,5,0.19453109961483714,0.2991519156680404,2.4259985462484654,0.8949999999999999
sixhump_camel,40,Separate GPs,6,0.20062014572083045,0.2950101770483431,2.2881063760365903,0.901
sixhump_camel,40,Separate GPs,7,0.18988344153838865,0.2902951387278799,2.363346651031241,0.873
sixhump_camel,40,Separate GPs,8,0.1872596907369406,0.2875337021832981,2.2629778781784746,0.907
sixhump_camel,40,Separate GPs,9,0.18027063588412795,0.2911313935952645,2.3776755960516844,0.899
sixhump_camel,40,Separate GPs,10,0.18733824497023246,0.29297289308938607,2.2952332673020166,0.898
sixhump_camel,40,Separate GPs,11,0.19416367852424835,0.2908468076428449,2.158212447890136,0.893
sixhump_camel,40,Separate GPs,12,0.192232878943887,0.2881689031313746,2.160393133012713,0.905
sixhump_camel,40,Separate GPs,13,0.1972003886236939,0.29524120642568724,2.2194817515318617,0.9019999999999999
sixhump_camel,40,Separate GPs,14,0.2034074298517216,0.30713374094548984,2.4009803334963444,0.8859999999999999
sixhump_camel,40,Separate GPs,15,0.18396435033616476,0.2874353188949762,2.17572766588369,0.898
sixhump_camel,40,Separate GPs,16,0.19538059670678043,0.289906389533058,2.3119410051356577,0.901
sixhump_camel,40,Separate GPs,17,0.18992772561023905,0.2939535832990587,2.2173571376562604,0.89
sixhump_camel,40,Separate GPs,18,0.2087523667368117,0.3032533396221737,2.2482211068814664,0.891
sixhump_camel,40,Separate GPs,19,0.1966110377069779,0.29500254720676167,2.2971540680730906,0.892
sixhump_camel,40,Separate GPs,20,0.19604073548016576,0.30145579168001524,2.5036677739878646,0.8939999999999999
sixhump_camel,40,Separate GPs,21,0.19471470820170875,0.29396713688912335,2.5238125623653174,0.849
sixhump_camel,40,Separate GPs,22,0.20419676268906772,0.29734791977466646,2.4322863644838,0.8779999999999999
sixhump_camel,40,Separate GPs,23,0.20462746110964666,0.3018634326645595,2.3909915642889947,0.889
sixhump_camel,40,Separate GPs,24,0.2129078674280449,0.30751168566779546,2.5151414443180498,0.858
sixhump_camel,40,Separate GPs,25,0.1853401079022673,0.2846277924780847,2.1245857249912805,0.8949999999999999
sixhump_camel,40,Separate GPs,26,0.2028213421522484,0.3000252443025578,2.3739079249290134,0.86
sixhump_camel,40,Separate GPs,27,0.20689219416696014,0.3003984415847275,2.330808190164269,0.8869999999999999
sixhump_camel,40,Separate GPs,28,0.18103875569684802,0.28804385502837715,2.3461865389332313,0.893
sixhump_camel,40,Separate GPs,29,0.1991068354175814,0.29595531110559486,2.3554988498924567,0.884
sixhump_camel,40,Separate GPs,30,0.20389370618001,0.2918339112964024,2.2551776471818195,0.866
sixhump_camel,40,Categorical GP,1,0.10075767366565758,0.1431981793651927,1.0011307748953286,0.9209999999999999
sixhump_camel,40,Categorical GP,2,0.11513638318902548,0.16615477421211342,1.1440955590568123,0.9259999999999999
sixhump_camel,40,Categorical GP,3,0.12454076223287285,0.17027497196744473,1.205467277414377,0.9099999999999999
sixhump_camel,40,Categorical GP,4,0.12045114979079748,0.17465914746413824,1.2772741513181551,0.9019999999999999
sixhump_camel,40,Categorical GP,5,0.11360908961119558,0.1655007992301088,1.127014338958451,0.9239999999999998
sixhump_camel,40,Categorical GP,6,0.11325065722396425,0.15955203481292074,1.0896107154517138,0.924
sixhump_camel,40,Categorical GP,7,0.10457895340281106,0.14829622653675656,1.0329199782507879,0.9129999999999999
sixhump_camel,40,Categorical GP,8,0.11331224413319303,0.16494416888862656,1.10774970808486,0.93
sixhump_camel,40,Categorical GP,9,0.10483834282259011,0.14627617528897122,0.9486356699757315,0.9359999999999999
sixhump_camel,40,Categorical GP,10,0.1126020601875761,0.15919873400643506,1.149672788747206,0.8960000000000001
sixhump_camel,40,Categorical GP,11,0.09924869789986339,0.13841675200853054,0.9127636559403534,0.909
sixhump_camel,40,Categorical GP,12,0.12258052416919081,0.17890598673488917,1.360274179870015,0.908
sixhump_camel,40,Categorical GP,13,0.1285086287398815,0.18189351824240446,1.312386072484868,0.916
sixhump_camel,40,Categorical GP,14,0.11235449330659067,0.1594117120204002,1.1096865031527503,0.9149999999999998
sixhump_camel,40,Categorical GP,15,0.09647937030318995,0.13198874664298216,0.8097506418363449,0.946
sixhump_camel,40,Categorical GP,16,0.12507293203704423,0.16486969707087346,1.1901406364686555,0.915
sixhump_camel,40,Categorical GP,17,0.11457956560846856,0.1592665879369084,1.0808875179373387,0.9269999999999999
sixhump_camel,40,Categorical GP,18,0.11547303585714759,0.15481226318815194,1.0465473564803758,0.9189999999999999
sixhump_camel,40,Categorical GP,19,0.10370672151917311,0.14847654945441885,1.0567444567482351,0.93
sixhump_camel,40,Categorical GP,20,0.13436358692208009,0.17774975448085523,1.3836931143420577,0.884
sixhump_camel,40,Categorical GP,21,0.10046374182519428,0.13375618170353254,0.8815291120967915,0.925
sixhump_camel,40,Categorical GP,22,0.11171182625333502,0.15435580257612447,1.0906217895141808,0.916
sixhump_camel,40,Categorical GP,23,0.1241130947299867,0.17780662336997546,1.3680466969927285,0.9109999999999999
sixhump_camel,40,Categorical GP,24,0.10909837387688456,0.1564229141207166,1.0366680412595919,0.916
sixhump_camel,40,Categorical GP,25,0.12202491633629624,0.16430052001721762,1.0699796655621054,0.9299999999999999
sixhump_camel,40,Categorical GP,26,0.13239364837050266,0.19235611726080853,1.542039042155369,0.893
sixhump_camel,40,Categorical GP,27,0.12157946951002374,0.1739691041082386,1.2575003184500746,0.923
sixhump_camel,40,Categorical GP,28,0.10300376484848583,0.1469192180165359,0.9602759935112866,0.9349999999999999
sixhump_camel,40,Categorical GP,29,0.12125971221827898,0.16659330169204567,1.2265851851077485,0.909
sixhump_camel,40,Categorical GP,30,0.11023843237009619,0.1482548356063125,1.019244116139846,0.922
sixhump_camel,40,Standard LVGP,1,0.1617847222163117,0.2567421538997458,3.069706475587695,0.518
sixhump_camel,40,Standard LVGP,2,0.14176454548926426,0.20971821922478995,3.2146001732014375,0.262
sixhump_camel,40,Standard LVGP,3,0.08471340667037562,0.10414382870576717,1.6929049848464157,0.272
sixhump_camel,40,Standard LVGP,4,0.09302626402645726,0.10347578143105869,1.3591563494195626,0.5
sixhump_camel,40,Standard LVGP,5,0.11767297514824807,0.18399175403272022,2.537593730745942,0.31500000000000006
sixhump_camel,40,Standard LVGP,6,0.14900971824363426,0.2350205559935326,3.2162787713407694,0.332
sixhump_camel,40,Standard LVGP,7,0.1608574552061435,0.25462907565681375,4.7935552232379175,0.12100000000000002
sixhump_camel,40,Standard LVGP,8,0.14950743920391896,0.2351945156987474,4.250605277321432,0.246
sixhump_camel,40,Standard LVGP,9,0.15172943498511207,0.2347627694421784,3.580867274859093,0.28300000000000003
sixhump_camel,40,Standard LVGP,10,0.164123946397196,0.25262584628066637,3.793067884493997,0.371
sixhump_camel,40,Standard LVGP,11,0.20092077252297455,0.2843505032051556,3.846473963875566,0.391
sixhump_camel,40,Standard LVGP,12,0.12237278336575845,0.1379543852576323,2.2592578198336914,0.29300000000000004
sixhump_camel,40,Standard LVGP,13,0.1777505412342582,0.2845303354963532,3.5595308176045455,0.46699999999999997
sixhump_camel,40,Standard LVGP,14,0.09557048384525638,0.11131087661099956,1.8120239635651814,0.4
sixhump_camel,40,Standard LVGP,15,0.13583370020813773,0.1917182176316793,2.781199705061285,0.35699999999999993
sixhump_camel,40,Standard LVGP,16,0.09084931780325978,0.10186396777742761,1.856448679183849,0.32700000000000007
sixhump_camel,40,Standard LVGP,17,0.08684889104517898,0.10364915567147101,1.7296013331768332,0.359
sixhump_camel,40,Standard LVGP,18,0.19032638053154655,0.27861320256335526,4.974508767701408,0.20800000000000002
sixhump_camel,40,Standard LVGP,19,0.17581860392208512,0.26422286270556333,3.1840025652577078,0.44399999999999995
sixhump_camel,40,Standard LVGP,20,0.16585266694955425,0.2669255218115238,5.221520800551562,0.077
sixhump_camel,40,Standard LVGP,21,0.18193609200088895,0.27374626257126444,4.089680910413921,0.27
sixhump_camel,40,Standard LVGP,22,0.09341113649133467,0.10645999158466561,1.9597934537874444,0.362
sixhump_camel,40,Standard LVGP,23,0.17190920827642597,0.254232352621249,4.251249494979741,0.20099999999999998
sixhump_camel,40,Standard LVGP,24,0.16422843116205588,0.24867016989244334,4.089277305208121,0.24800000000000005
sixhump_camel,40,Standard LVGP,25,0.17551102242786917,0.2691765511406409,4.697784719739527,0.17600000000000002
sixhump_camel,40,Standard LVGP,26,0.17471113255670034,0.26912210097465084,4.084851335868567,0.311
sixhump_camel,40,Standard LVGP,27,0.13972767271621794,0.22218352982750092,2.9330960606740195,0.45199999999999996
sixhump_camel,40,Standard LVGP,28,0.11085035108339636,0.1284686135855487,1.8503496342741428,0.396
sixhump_camel,40,Standard LVGP,29,0.14792844760439508,0.21934089952360178,2.7579711706939105,0.38699999999999996
sixhump_camel,40,Standard LVGP,30,0.18053895191661412,0.2591971245074851,3.7569378512999245,0.376
sixhump_camel,40,H-LVGP,1,0.07429874818567252,0.1100839426802249,0.7647433267191339,0.998
sixhump_camel,40,H-LVGP,2,0.14079999757193096,0.2185712428269818,1.3059898986056129,0.9349999999999999
sixhump_camel,40,H-LVGP,3,0.09358006039928386,0.12258916589375372,0.7183311117116367,0.9800000000000001
sixhump_camel,40,H-LVGP,4,0.16594131855817523,0.2607076427900933,0.9595062602072522,0.999
sixhump_camel,40,H-LVGP,5,0.15422108057253842,0.25517117369232933,1.3338415627775972,0.9279999999999999
sixhump_camel,40,H-LVGP,6,0.15399684188124246,0.2407493855484768,1.590295832151496,0.9190000000000002
sixhump_camel,40,H-LVGP,7,0.1484519493835631,0.23875429538469922,1.7308743429483582,0.9019999999999999
sixhump_camel,40,H-LVGP,8,0.13510033540823582,0.22570504100948624,1.103926379746852,0.95
sixhump_camel,40,H-LVGP,9,0.08034926861695882,0.11264362931779086,0.704930406956438,0.993
sixhump_camel,40,H-LVGP,10,0.12572381985589134,0.19762567140860338,0.8594779136480012,0.9630000000000001
sixhump_camel,40,H-LVGP,11,0.16504172356008748,0.2698115621119429,1.0439562580374453,0.9570000000000001
sixhump_camel,40,H-LVGP,12,0.13819706197386186,0.2239674974539443,0.9462737828703476,0.9629999999999999
sixhump_camel,40,H-LVGP,13,0.14878114645671098,0.24145005268098818,0.9285338977132962,0.9870000000000001
sixhump_camel,40,H-LVGP,14,0.15959252645554084,0.2577471563823813,0.9870572048341371,0.969
sixhump_camel,40,H-LVGP,15,0.14751145262496118,0.2393854509383282,1.1375912177729433,0.9450000000000001
sixhump_camel,40,H-LVGP,16,0.1200775844868672,0.18088055977151465,1.104918177325864,0.945
sixhump_camel,40,H-LVGP,17,0.132085095604681,0.2053985191963216,0.8820386518608923,0.976
sixhump_camel,40,H-LVGP,18,0.16450812262250164,0.24753007972123986,1.5736827900683072,0.9219999999999999
sixhump_camel,40,H-LVGP,19,0.15791485213175943,0.2605202363121218,0.9973488505186193,0.985
sixhump_camel,40,H-LVGP,20,0.16179567110134618,0.25436070073580547,2.095870549640753,0.9019999999999999
sixhump_camel,40,H-LVGP,21,0.14801499186875988,0.24003283600826228,1.0719160553052827,0.9470000000000001
sixhump_camel,40,H-LVGP,22,0.1555537780479012,0.2442552631672596,1.2290936112282522,0.9289999999999999
sixhump_camel,40,H-LVGP,23,0.16447318185469076,0.25952039582897657,1.4088267414469149,0.921
sixhump_camel,40,H-LVGP,24,0.1609985122307965,0.2528702704688794,1.5780047695902337,0.9109999999999999
sixhump_camel,40,H-LVGP,25,0.15134488040930089,0.23137704646638307,1.2879942793907433,0.9280000000000002
sixhump_camel,40,H-LVGP,26,0.1420647778858806,0.22565841180769458,1.1288096733294783,0.9400000000000001
sixhump_camel,40,H-LVGP,27,0.1553722152067439,0.25166995341618925,0.9852818569483759,0.9719999999999999
sixhump_camel,40,H-LVGP,28,0.1425812320341818,0.22737665926379771,0.9320559377796116,0.9670000000000002
sixhump_camel,40,H-LVGP,29,0.14528593707894946,0.23580792169820444,1.0504660016249663,0.9550000000000001
sixhump_camel,40,H-LVGP,30,0.1576459733588161,0.240099662478123,0.9772617181872796,0.993
